Workbook

Sheet Monthly data
A1: category | B1: order_month | C1: total_orders | D1: total_revenue | E1: average_revenue
A2: Bakery | B2: 46023 | C2: 6 | D2: 735 | E2: 122.5
A3: Bakery | B3: 46054 | C3: 8 | D3: 2440 | E3: 305
A4: Bakery | B4: 46082 | C4: 11 | D4: 3090 | E4: 280.9
A5: Bakery | B5: 46113 | C5: 13 | D5: 3115 | E5: 239.6
A6: Bakery | B6: 46143 | C6: 15 | D6: 3695 | E6: 246.3
A7: Bakery | B7: 46174 | C7: 14 | D7: 2335 | E7: 166.8
A8: Dairy & Eggs | B8: 46023 | C8: 9 | D8: 2035 | E8: 226.1
A9: Dairy & Eggs | B9: 46054 | C9: 8 | D9: 1935 | E9: 241.9
A10: Dairy & Eggs | B10: 46082 | C10: 15 | D10: 3163 | E10: 210.9
A11: Dairy & Eggs | B11: 46113 | C11: 9 | D11: 1650 | E11: 183.3
A12: Dairy & Eggs | B12: 46143 | C12: 14 | D12: 3479 | E12: 248.5
A13: Dairy & Eggs | B13: 46174 | C13: 11 | D13: 1828 | E13: 166.2
... A37: Snacks & Beverages | B37: 46174 | C37: 15 | D37: 1960 | E37: 130.7

Sheet Pivot Table 1

Sheet CATEGORY SUMMARY SHEET
D2: SUMMARY SHEET
A4: category | B4: SUM of total_revenue | C4: SUM of total_orders | D4: Target_revenue_inr | E4: variance | F4: percentage_variance | G4: target_status | H4: Matches Part 1 SQL total?
A5: Bakery | B5: ='Pivot Table 1'!B2 -> 15410 | C5: ='Pivot Table 1'!C2 -> 67 | D5: {=_xlfn.xlookup(A5,'Category targets'!A:A,'Category targets'!B:B,"not_found")} -> 12000 | E5: =D5-B5 -> -3410 | F5: =(E5/D5)*100 -> -28.416667 | G5: =if(B5>=D5, "Above target", if(F5>=-15, "Below target - watch", "Below target - critical))")) -> Above target | H5: YES
A6: Dairy & Eggs | B6: ='Pivot Table 1'!B3 -> 14090 | C6: ='Pivot Table 1'!C3 -> 66 | D6: {=_xlfn.xlookup(A6,'Category targets'!A:A,'Category targets'!B:B,"not_found")} -> 16500 | E6: =D6-B6 -> 2410 | F6: =(E6/D6)*100 -> 14.606061 | G6: =if(B6>=D6, "Above target", if(F6>=-15, "Below target - watch", "Below target - critical))")) -> Below target - watch | H6: YES
A7: Fruits & Vegetables | B7: ='Pivot Table 1'!B4 -> 9790 | C7: ='Pivot Table 1'!C4 -> 73 | D7: {=_xlfn.xlookup(A7,'Category targets'!A:A,'Category targets'!B:B,"not_found")} -> 12000 | E7: =D7-B7 -> 2210 | F7: =(E7/D7)*100 -> 18.416667 | G7: =if(B7>=D7, "Above target", if(F7>=-15, "Below target - watch", "Below target - critical))")) -> Below target - watch | H7: YES
A8: Household Essentials | B8: ='Pivot Table 1'!B5 -> 21715 | C8: ='Pivot Table 1'!C5 -> 79 | D8: {=_xlfn.xlookup(A8,'Category targets'!A:A,'Category targets'!B:B,"not_found")} -> 17000 | E8: =D8-B8 -> -4715 | F8: =(E8/D8)*100 -> -27.735294 | G8: =if(B8>=D8, "Above target", if(F8>=-15, "Below target - watch", "Below target - critical))")) -> Above target | H8: YES
A9: Personal Care | B9: ='Pivot Table 1'!B6 -> 16382 | C9: ='Pivot Table 1'!C6 -> 66 | D9: {=_xlfn.xlookup(A9,'Category targets'!A:A,'Category targets'!B:B,"not_found")} -> 15500 | E9: =D9-B9 -> -882 | F9: =(E9/D9)*100 -> -5.6903226 | G9: =if(B9>=D9, "Above target", if(F9>=-15, "Below target - watch", "Below target - critical))")) -> Above target | H9: YES
A10: Snacks & Beverages | B10: ='Pivot Table 1'!B7 -> 10895 | C10: ='Pivot Table 1'!C7 -> 83 | D10: {=_xlfn.xlookup(A10,'Category targets'!A:A,'Category targets'!B:B,"not_found")} -> 13000 | E10: =D10-B10 -> 2105 | F10: =(E10/D10)*100 -> 16.192308 | G10: =if(B10>=D10, "Above target", if(F10>=-15, "Below target - watch", "Below target - critical))")) -> Below target - watch | H10: YES
A11: Grand Total | B11: ='Pivot Table 1'!B8 -> 88282 | C11: ='Pivot Table 1'!C8 -> 434 | D11: =sum(D5:D10) -> 86000 | E11: =D11-B11 -> -2282 | F11: =sum(F5:F10) -> -12.627248 | G11: =if(B11>=D11, "Above target", if(F11>=-15, "Below target - watch", "Below target - critical))")) -> Above target

Sheet Category targets
A1: category | B1: target_revenue_inr
A2: Fruits & Vegetables | B2: 12000
A3: Dairy & Eggs | B3: 16500
A4: Snacks & Beverages | B4: 13000
A5: Personal Care | B5: 15500
A6: Household Essentials | B6: 17000
A7: Bakery | B7: 12000
